"","description","statusesCount","followersCount","favoritesCount","friendsCount","url","name","created","protected","verified","screenName","location","lang","id","listedCount","followRequestSent","profileImageUrl","search_hashtag"
"_andi713","",2081,307,119,626,NA,"Andi",2013-11-22 22:58:44,FALSE,FALSE,"_andi713","H0UST0N","en","2209649088",1,FALSE,"http://pbs.twimg.com/profile_images/669020860276080641/f6CKgXiu_normal.jpg","#Makeamericagreatagain"
"14winter88","❄ Winter-chan cultist ❄",1480,356,1488,184,"https://t.co/H6HhhXB5UL","Винтер-тян культист",2015-05-18 06:21:46,FALSE,FALSE,"14winter88"," The Bureau of Memetic Warfare","en","3218985756",4,FALSE,"http://pbs.twimg.com/profile_images/670491354120634368/0R6EV3pX_normal.jpg","#Makeamericagreatagain"
"1Rackanm1","Rivet Rack, . has  more than 25 years of experience and customer service in the Material Handling Industry. We offer Sales, Permits & Installations",929,47,860,233,"http://t.co/jbbdrVcRZX","RIVET RACK, .",2015-05-03 14:30:52,FALSE,FALSE,"1Rackanm1","Washington, D.C.","en","3184200930",13,FALSE,"http://pbs.twimg.com/profile_images/631961379105308672/ZbJ88IK0_normal.jpg","#Makeamericagreatagain"
"2016trump4prez","MAKE AMERICA GREAT AGAIN! #TRUMP2016",82,7,22,8,NA,"#Trump2016",2015-11-14 16:19:56,FALSE,FALSE,"2016trump4prez","","en","4187498969",0,FALSE,"http://pbs.twimg.com/profile_images/665565943213502464/ml4hVPIM_normal.jpg","#Makeamericagreatagain"
"2F1Marketing","Marketing Firm specializing in social  media, branding, video production, and movie/film . We don't send automated messages either :)",755,24,722,541,NA,"Formula21 Marketing",2015-04-26 05:19:54,FALSE,FALSE,"2F1Marketing","Orange County, California","en","3174910460",12,FALSE,"http://pbs.twimg.com/profile_images/610472251868119040/ZSUCmcbp_normal.jpg","#Makeamericagreatagain"
"4AmericaToday","Devoted to Principles that will Make America Great Again! Sounding a Call for Accountability in Washington!",14780,1346,838,1270,NA,"Stand4America",2015-08-10 23:59:33,FALSE,FALSE,"4AmericaToday","","en","3413870405",34,FALSE,"http://pbs.twimg.com/profile_images/661888032690302976/3EYX9XEM_normal.jpg","#Makeamericagreatagain"
"4presidentsite","",24317,68,0,40,"http://t.co/WeaG2eX4Pd","Running 4 President",2015-08-25 20:08:31,FALSE,FALSE,"4presidentsite","","en","3439724391",37,FALSE,"http://abs.twimg.com/sticky/default_profile_images/default_profile_5_normal.png","#Makeamericagreatagain"
"4stevefarmer","",499,27,218,51,NA,"steve farmer",2013-09-17 21:12:09,FALSE,FALSE,"4stevefarmer","","en","1876900698",0,FALSE,"http://abs.twimg.com/sticky/default_profile_images/default_profile_1_normal.png","#Makeamericagreatagain"
"AbbGarver","M&A Advisor, blogging at: http://t.co/SxgCWftdnO , TV Commentator, Online Journalist,  Magazine Contributor and .",992,27,855,556,"http://t.co/sie6NXkHSb","Abe Garver",2014-03-19 06:59:38,FALSE,FALSE,"AbbGarver","Massachusetts","en","2397416503",8,FALSE,"http://pbs.twimg.com/profile_images/609710699795869697/lRRBYaaR_normal.jpg","#Makeamericagreatagain"
"aDnHour42","in Hour 24. Cat enthusiast. Newfoundland. EOS Society @Hour24band // @OrangeAmps @ernieball @taylorguitars",1032,45,881,428,"http://t.co/LnF7uNcHSY","Dan Quigley",2014-06-02 02:02:50,FALSE,FALSE,"aDnHour42","Athens, Georgia","en","2540580734",13,FALSE,"http://pbs.twimg.com/profile_images/612823358397394944/m0AdbFy5_normal.jpg","#Makeamericagreatagain"
"aDniel_Diosdado","#NewYork based  #filmmaker. Working in the development of his  feature @TheLastWarMovie #SupportIndieFilm #SciFi #SciFiFilm",898,60,807,220,"http://t.co/Z4V2sZn3Pf","Daniel ",2015-06-10 22:43:15,FALSE,FALSE,"aDniel_Diosdado","New York/LA/London","en","3318016947",11,FALSE,"http://pbs.twimg.com/profile_images/633878007136960512/6S-FFdpB_normal.jpg","#Makeamericagreatagain"
"AITAOR777","Information exchange for #awakened in this Age of Revealing and for those interested in creating solutions in these transformational times. #news #currentevents",8795,1139,3100,1339,"https://t.co/7vy5lqpdDT","Age of Revealing",2014-10-07 16:57:58,FALSE,FALSE,"AITAOR777","somewhere in Consciousness ","en","2843872435",138,FALSE,"http://pbs.twimg.com/profile_images/583076009479536640/fAKuPkb5_normal.jpg","#Makeamericagreatagain"
"aldeguer_elsa","Proud Latina ☺Trump supporter from Los⭐⭐⭐ Angeles California⭐⭐⭐
LATINOS UNITED TO MAKE AMERICA GREAT AGAIN! #Trump ⭐⭐⭐
SI SE PUEDE!! YES! WE CAN",2535,216,4312,67,NA,"Elsa Aldeguer",2015-09-19 07:09:41,FALSE,FALSE,"aldeguer_elsa","","en","3613516993",17,FALSE,"http://pbs.twimg.com/profile_images/659165209509007361/Gac1mp6o_normal.jpg","#Makeamericagreatagain"
"aLuraKuriger","Registered  and Senior Director/Lexus Car Bonus  Earner with Nerium International",789,27,711,460,"http://t.co/18kp6olmsv","Women of CEP",2014-03-25 07:25:51,FALSE,FALSE,"aLuraKuriger","Scarborough, Maine","en","2410440390",8,FALSE,"http://pbs.twimg.com/profile_images/608925136192806912/wGS8vqqW_normal.jpg","#Makeamericagreatagain"
"aMil_Right","I'm the owner of http://t.co/BqeePjtVuY  we help agents/brokers build relationships. I also  a podcast about   the real estate industry: https://t.co/QXFW4SaRDT",848,38,751,225,"https://t.co/bRIBZVTwJz","Jonathan ",2015-06-23 06:10:44,FALSE,FALSE,"aMil_Right","Metro Rochester New York","en","3253308222",8,FALSE,"http://pbs.twimg.com/profile_images/638471624870629376/PosyKEYQ_normal.jpg","#Makeamericagreatagain"
"amrightnow","A Real American",39697,4687,3010,4376,"https://t.co/7ngc5FM7cR","American Right Now",2011-12-28 19:09:40,FALSE,FALSE,"amrightnow","New Jersey, USA","en","449110269",48,FALSE,"http://pbs.twimg.com/profile_images/651341464417382401/HpDy0Ug2_normal.jpg","#Makeamericagreatagain"
"amydanienlhp","Proud owner & marketing director of Pleasant Hill Nursery. 're a 30 year old, quality-focused nursery located on 60 acres near Eugene,OR. Exceptional  service.",811,22,727,282,"http://t.co/3M3yCJjMEp","Amy ",2015-05-02 15:33:47,FALSE,FALSE,"amydanienlhp","Florida, USA","en","3183108811",11,FALSE,"http://pbs.twimg.com/profile_images/631640725747138560/RY42ylmh_normal.jpg","#Makeamericagreatagain"
"andia_hussain","my soul is of elsewhere, i'm sure of that, and  i intend to end up there. 
director of community at @.
opinions are my own.",857,30,791,649,NA,"nadia",2014-02-26 03:41:30,FALSE,FALSE,"andia_hussain","Southern California","en","2362066208",4,FALSE,"http://pbs.twimg.com/profile_images/580144913733398529/IV-vMOck_normal.jpg","#Makeamericagreatagain"
"anilsamrat77","",73,3,4,50,NA,"anli kr Kushwaha",2015-09-07 07:36:53,FALSE,FALSE,"anilsamrat77","Ranchi, Jharkhand","en","3479359632",0,FALSE,"http://pbs.twimg.com/profile_images/640849614820642817/j8BMFM2k_normal.jpg","#Makeamericagreatagain"
"annod1972","",2680,91,1275,43,NA,"DAWN",2013-01-08 08:29:31,FALSE,FALSE,"annod1972","Phl/Israel","en","1070346631",8,FALSE,"http://pbs.twimg.com/profile_images/581793112382537728/Y7qJ26Xz_normal.jpg","#Makeamericagreatagain"
"Antonelli_Lglae","Helping New  and New Jersey residents with tax,  trusts, estates, and real estate legal matters since 1986. Call us today at (212) 227-2424.",774,45,697,206,"http://t.co/8GLYWd4ldK","Daniel ",2015-05-02 20:29:31,FALSE,FALSE,"Antonelli_Lglae","New Mexico","en","3229004573",9,FALSE,"http://pbs.twimg.com/profile_images/631923233613291521/k65X18VR_normal.jpg","#Makeamericagreatagain"
"AshleyEdam","college student, leo, animal lover, Trumps #1 fan, register and vote for @realDonaldTrump",12600,2199,9852,944,NA,"Ashley Edam",2012-10-04 20:55:32,FALSE,FALSE,"AshleyEdam","","en","862030153",39,FALSE,"http://pbs.twimg.com/profile_images/663728901277937665/bx9o-fhg_normal.jpg","#Makeamericagreatagain"
"Asmurfinmypants","Best Poppy NA",2144,88,1469,245,"https://t.co/taXAFnIban","Smurf-Oneechan",2014-03-01 02:17:48,FALSE,FALSE,"Asmurfinmypants","","en","2366377098",1,FALSE,"http://pbs.twimg.com/profile_images/576456342170275840/IQM1zIr2_normal.jpeg","#Makeamericagreatagain"
"asvvysocialmed","Social Media Uses, Social Media  Basics,  Marketing Campaigns,",863,69,748,239,"http://t.co/63A27mOgo2","Gail ",2015-05-28 16:14:29,FALSE,FALSE,"asvvysocialmed","New Jersey","en","3301896605",3,FALSE,"http://pbs.twimg.com/profile_images/631786071072706560/QpW_4cl-_normal.jpg","#Makeamericagreatagain"
"AZ_4_TRUMP","#Arizona will fight to #MakeAmericaGreatAgain! #WakeUpAmerica #SecureTheBorder  #NoAmnesty #TRUMP2016",1884,883,2193,288,"http://t.co/mZB2hy4Wdz","AZ4Trump",2015-08-09 03:35:04,FALSE,FALSE,"AZ_4_TRUMP","Arizona, USA","en","3310185230",21,FALSE,"http://pbs.twimg.com/profile_images/641112870466392068/iPHwoXl6_normal.jpg","#Makeamericagreatagain"
"b_roelf","Passionate christian who loves God, God's church and people (Israel)",14139,2118,4959,2376,NA,"cv",2013-04-10 00:23:22,FALSE,FALSE,"b_roelf","","en","1340614891",64,FALSE,"http://pbs.twimg.com/profile_images/515755764929949696/lDX8lkhv_normal.jpeg","#Makeamericagreatagain"
"BaileyxAnrwed","To God  Be The  Glory",1104,145,931,412,"http://t.co/BXLH0BC2dc","Baizz",2015-06-25 23:06:29,FALSE,FALSE,"BaileyxAnrwed","New York City","en","3256032488",6,FALSE,"http://pbs.twimg.com/profile_images/635895484402393088/jPXtcBra_normal.jpg","#Makeamericagreatagain"
"BasedJaan","i'm a bot",1315,47,23,69,NA,"Saal-maahn",2015-06-23 00:45:53,FALSE,FALSE,"BasedJaan","NYC","en","3342243550",0,FALSE,"http://pbs.twimg.com/profile_images/670867878036533248/mvWStf8L_normal.jpg","#Makeamericagreatagain"
"BecchLipman","Deputy Editor at the Economist Intelligence Unit. I'm taking a  look at tech trends that keep the  world turning.",830,18,718,548,"http://t.co/SAEzCwHXl9","Becca Lipman",2014-03-15 14:47:08,FALSE,FALSE,"BecchLipman","Michigan","en","2391137934",8,FALSE,"http://pbs.twimg.com/profile_images/609110751807172609/dYXeOJkY_normal.jpg","#Makeamericagreatagain"
"bellerinkus","im not that intresting tbh",6335,113,5703,333,NA,"Belle",2015-01-25 21:27:19,FALSE,FALSE,"bellerinkus","","en","2996198352",3,FALSE,"http://pbs.twimg.com/profile_images/668138962960195584/UkixDn_-_normal.jpg","#Makeamericagreatagain"
"benne1331","Business Firm Owner  for Business Networking, Computer Tech Consultant / Trainer, Entrepreneur, Real Estate Investor, Male  Model",1047,232,941,268,NA,"bennettjeff",2015-05-31 16:47:20,FALSE,FALSE,"benne1331","Connecticut","en","3304762653",19,FALSE,"http://pbs.twimg.com/profile_images/632551285812690946/41wcU7Tt_normal.jpg","#Makeamericagreatagain"
"BIALouisvliel","The BIA has over ,000 member companies that represent Builders,  Remodelers, subcontractors & suppliers throughout Greater Louisville.",1242,74,1055,654,"https://t.co/RmRruujnVl","doorstoreandwindows",2013-12-13 21:07:32,FALSE,FALSE,"BIALouisvliel","Indiana","en","2244502244",12,FALSE,"http://pbs.twimg.com/profile_images/586782814818865152/nwXGhodv_normal.jpg","#Makeamericagreatagain"
"BilanceOfPlant","Balance of Plant solutions; engineering, front end engineering design #FEED  #EPC project development #CHP   #Cogeneration #Trigeneration #BalanceOfPlant",721,75,675,217,"http://t.co/d1wl4jxTjD","Balance Of ",2015-05-02 12:33:10,FALSE,FALSE,"BilanceOfPlant","Oregon","en","3182813778",4,FALSE,"http://pbs.twimg.com/profile_images/631474568943767552/zO4QKNT5_normal.jpg","#Makeamericagreatagain"
"BobRendien","Communications exec. Tribeca resident. Dad of  Robert. Italian wine fan. love jazz and all things Sinatra. Inveterate college hoops fan.  personal views only",1093,259,979,352,NA,"Bob ",2015-04-24 09:09:00,FALSE,FALSE,"BobRendien","Utah","en","3170543929",11,FALSE,"http://pbs.twimg.com/profile_images/613383266536693760/4qZnXZiW_normal.jpg","#Makeamericagreatagain"
"Bostic_reiva","",1790,53,1,96,NA,"Bostic Reiva",2015-07-14 00:41:31,FALSE,FALSE,"Bostic_reiva","","en","3279022232",5,FALSE,"http://pbs.twimg.com/profile_images/620757088550019072/R673ipQG_normal.jpg","#Makeamericagreatagain"
"botnald","",6259,21,20,10,NA,"Actual Donald Trump",2015-07-11 04:04:04,FALSE,FALSE,"botnald","","en","3275222161",6,FALSE,"http://pbs.twimg.com/profile_images/619720919708139524/MnICWroT_normal.jpg","#Makeamericagreatagain"
"BoveeThill_ogBl","The first of its kind, this unique blog helps business communication instructors spend less time preparing and more time teaching. You're   to follow us.",856,13,759,409,"http://t.co/bgAVFCfYl4","Bovee & Thill ",2015-06-27 23:53:34,FALSE,FALSE,"BoveeThill_ogBl","east fishkill , new york","en","3348221512",8,FALSE,"http://pbs.twimg.com/profile_images/635697275822456832/1EjkR14M_normal.jpg","#Makeamericagreatagain"
"BrianM0114","14 years old, Wrestling fan now, then, and forever",166,52,302,130,NA,"Brian Martinez",2014-08-04 16:22:43,FALSE,FALSE,"BrianM0114","","en","2706874434",0,FALSE,"http://pbs.twimg.com/profile_images/658022027509403648/P24Mw0x9_normal.jpg","#Makeamericagreatagain"
"briehme","Singer, Writer, Nerd Collector, Book Reader, Dragon Tamer, Zombie Supporter, Cupcake Enthusiast & Time Traveler.  : cheesybriee",864,18,734,536,"http://t.co/rxn8wmggX7","Brie ",2015-04-24 08:51:19,FALSE,FALSE,"briehme","Rhode Island","en","3200174499",10,FALSE,"http://pbs.twimg.com/profile_images/613435815499317248/2IaA8wnX_normal.jpg","#Makeamericagreatagain"
"brutality1939","I AM A RAPPER , PRODUCER ,   , GRAPHIC DESIGNER AND COLLEGE STUDENT REPPING MY MOVEMENT '' BRUTALSNATION '' For Business Inquires Brutalsnation@live.com",1347,157,1153,165,"https://t.co/vJWP7sPVXp","BRUTALITY",2014-02-26 23:36:39,FALSE,FALSE,"brutality1939","Denver, Colorado","en","2363325854",25,FALSE,"http://pbs.twimg.com/profile_images/580189879692218368/IzP93ySM_normal.jpg","#Makeamericagreatagain"
"BryanBHopkins1","An ignorant fool is a real cool nerd. II Blessed IV Stress",61841,1367,10113,1089,NA,"Big Truck ⓑⓡⓨⓐⓝ™",2010-11-28 13:40:04,FALSE,FALSE,"BryanBHopkins1","On a Interstate Somewhere USA","en","220664914",44,FALSE,"http://pbs.twimg.com/profile_images/670903728841494528/yj0lVCgJ_normal.jpg","#Makeamericagreatagain"
"bscaif","professional",964,17,879,208,NA,"Shafu",2015-05-30 20:39:36,FALSE,FALSE,"bscaif","Phoenix, Arizona USA","en","3304052303",12,FALSE,"http://pbs.twimg.com/profile_images/633952080491843584/L5Kfj62w_normal.jpg","#Makeamericagreatagain"
"bsreguru","World's leading authority on Small Balance   Estate (SBRE)",854,19,746,276,"http://t.co/CmfYYd4r1X","Matt ",2015-05-20 05:53:10,FALSE,FALSE,"bsreguru","Michigan","en","3290850975",6,FALSE,"http://pbs.twimg.com/profile_images/632877517486063616/yyZGAjnx_normal.jpg","#Makeamericagreatagain"
"bts_37675","",69,28,181,75,NA,"Brendan Smith",2015-10-21 22:14:24,FALSE,FALSE,"bts_37675","","en","3973576873",0,FALSE,"http://pbs.twimg.com/profile_images/658956419023024128/T3-eMtg__normal.jpg","#Makeamericagreatagain"
"CaptainMark_","Garkus",4478,100,2837,74,NA,"captainmark_",2011-09-23 03:54:44,FALSE,FALSE,"CaptainMark_","","en","378394143",5,FALSE,"http://pbs.twimg.com/profile_images/638227444571357184/gHAXqhqb_normal.jpg","#Makeamericagreatagain"
"CaptainSamUSA","Experienced MBA, Veteran, Tennis Lover, My Purpose is to Serve Myself and Others with my Unique Gifts",1057,50,714,28,NA,"Captain Sam USA",2015-09-15 01:38:52,FALSE,FALSE,"CaptainSamUSA","","en","3566357959",9,FALSE,"http://pbs.twimg.com/profile_images/645752654518288384/PAQYsj60_normal.jpg","#Makeamericagreatagain"
"Carolde","I recently retired from nursing. Passion for health care,,, lifetime Dem until Obama came along....he made me see RIGHT light!  #TrumpTrain to DC",147932,8550,12279,5940,"https://t.co/9Ii3epCvEI","Carol",2009-03-05 16:05:10,FALSE,FALSE,"Carolde"," Pennsylvania","en","22936237",275,FALSE,"http://pbs.twimg.com/profile_images/661565868938240000/gfciNSe7_normal.jpg","#Makeamericagreatagain"
"ch1election","(ELECTION ALERTS FIRST!) #Breaking news on the 2016 presidential race! A @channel1atlanta network!",7661,88,5,109,"https://t.co/mPF73NCS4M","CHANNEL 1 ELECTION",2015-09-06 03:06:46,FALSE,FALSE,"ch1election","Atlanta, GA","en","3561980536",26,FALSE,"http://pbs.twimg.com/profile_images/640362658995109888/GE8BfB1G_normal.jpg","#Makeamericagreatagain"
"chuyfhi","Sofia Sanchez Barrenechea. Art  Director & Founder of ://UnderOurSky.com  @UnderOurSky",1059,53,944,745,"http://t.co/BiFdxaupJI","Sofia Sanchez B.",2014-02-24 19:56:18,FALSE,FALSE,"chuyfhi","South Dakota","en","2359965020",17,FALSE,"http://pbs.twimg.com/profile_images/579464269885911042/RwJZ7aIf_normal.jpg","#Makeamericagreatagain"
"clydethemangrea","",1754,265,1526,601,NA,"Deion Sanders Jr",2013-12-13 22:08:32,FALSE,FALSE,"clydethemangrea","North Dakota","en","2244572162",25,FALSE,"http://pbs.twimg.com/profile_images/586799818430742530/bk7gaVAA_normal.jpg","#Makeamericagreatagain"
"coach4internte","I have spent years in advertising, then in design and service of electronic systems. Now I am  , teaching Internet Marketing and Product Creation",798,36,710,123,"http://t.co/DQzioBhJwX","Rudy ",2015-07-03 12:53:21,FALSE,FALSE,"coach4internte","Nebraska","en","3267036756",9,FALSE,"http://pbs.twimg.com/profile_images/633802117828882432/sBvJBc94_normal.jpg","#Makeamericagreatagain"
"DanielKusa","",5729,253,4627,186,NA,"Daniel Keller",2015-09-13 05:49:34,FALSE,FALSE,"DanielKusa","Indiana, USA","en","3639087436",18,FALSE,"http://abs.twimg.com/sticky/default_profile_images/default_profile_5_normal.png","#Makeamericagreatagain"
"darab13","i live in iran and author.",52676,433,63330,75,"http://t.co/KQ7JH1K7Bp","korosh abasi",2010-09-05 11:54:40,FALSE,FALSE,"darab13","javid reza shah dovom","en","187147504",147,FALSE,"http://pbs.twimg.com/profile_images/1159441824/jam_normal.jpg","#Makeamericagreatagain"
"darlsmith33","#Family#Von Erichs #TRUMP 2016",4759,250,10078,174,NA,"Darlene Smith",2015-04-21 07:45:20,FALSE,FALSE,"darlsmith33","Azle, TX","en","3166344588",17,FALSE,"http://pbs.twimg.com/profile_images/661016870875611140/mAjpILsj_normal.jpg","#Makeamericagreatagain"
"David0Moss","K-State '19",2007,1335,6292,402,NA,"DMO",2011-08-11 13:21:08,FALSE,FALSE,"David0Moss","Puyallup, WA","en","353039922",2,FALSE,"http://pbs.twimg.com/profile_images/636058560548306944/4PbXkJ4B_normal.jpg","#Makeamericagreatagain"
"Design_Plu_CsM","Spencer Howard's sustainable project  tools he developed have led  to the successful completion of several projects for Rice University and many others.",1088,94,950,309,"http://t.co/gt4iXcF9ez","Spencer ",2015-05-03 14:36:59,FALSE,FALSE,"Design_Plu_CsM","lancaster , california .","en","3184258382",8,FALSE,"http://pbs.twimg.com/profile_images/631966698543935488/Wy5-qC62_normal.jpg","#Makeamericagreatagain"
"diamondstoselvi","http://t.co/O3WPTDuJ9O  is an online fine jewelry boutique.  We  slashed out  by 50% and during month of March, take extra 10% off with MAR2011 code",758,33,678,263,"http://t.co/yROczDtMeQ","diamondstosilver",2015-05-02 17:51:37,FALSE,FALSE,"diamondstoselvi","New York","en","3228685511",4,FALSE,"http://pbs.twimg.com/profile_images/631767067109232640/Fsw0pwI2_normal.jpg","#Makeamericagreatagain"
"digital_vla","Houston Public Media  - Digital News Editor.  Insight Analyst. Potterhead. Coffee Addict. Double mother.",942,22,794,281,NA,"Valerie",2015-06-11 22:49:40,FALSE,FALSE,"digital_vla","Atlanta Georgia","en","3319782867",9,FALSE,"http://pbs.twimg.com/profile_images/632793580298330112/sWmy5rva_normal.jpg","#Makeamericagreatagain"
"disappearingmgt","Based out of Chicago Illinois, we are professional Real Estate entrepreneurs that use  short sale strategy to make  your mortgage disappear!",972,42,825,457,"http://t.co/UqcEJcuBVg","chris keller",2014-03-24 23:26:08,FALSE,FALSE,"disappearingmgt","Rhode Island","en","2409697832",21,FALSE,"http://pbs.twimg.com/profile_images/608834058433363968/g5pxuajW_normal.jpg","#Makeamericagreatagain"
"dixPod","Father  of 2 beautiful daughters. Dir. of Marketing with focus on  Media, Marketing Automation, WordPress, Mobile, and an Open Road racer...",960,39,881,262,"http://t.co/fMJiWU8f2d","Dax ",2015-06-01 16:58:38,FALSE,FALSE,"dixPod","Savannah, Georgia","en","3305713113",11,FALSE,"http://pbs.twimg.com/profile_images/631816478455500800/Z9lvI3mc_normal.jpg","#Makeamericagreatagain"
"DougSaul1","I make a living living life",2690,123,2475,179,NA,"Doug Saul",2015-11-16 19:07:47,FALSE,FALSE,"DougSaul1","Your Television","en","4259695393",4,FALSE,"http://pbs.twimg.com/profile_images/670786631297691648/hIZ15Rfg_normal.jpg","#Makeamericagreatagain"
"DSF2020","I hv this twitter ac4 long time never used it just now here to SUPPORT DONALD TRUMP for PRES. If u don't like it don't follow me.#Trump  #makeamericagreatagain.",1051,116,530,59,NA,"dena ferreira",2010-03-18 15:49:49,FALSE,FALSE,"DSF2020","","en","124199238",4,FALSE,"http://pbs.twimg.com/profile_images/668427205878284288/K4HGd2tk_normal.png","#Makeamericagreatagain"
"e_monsendo","",15311,327,6810,97,NA,"Vermark",2015-09-17 14:58:22,FALSE,FALSE,"e_monsendo","","en","3594949872",35,FALSE,"http://pbs.twimg.com/profile_images/648342667873513472/PTVpMs___normal.jpg","#Makeamericagreatagain"
"easycloudslsn","Easy, affordable cloud consulting company:  your business to the Google Apps  Cloud and build your online presence with Wordpress.",1314,60,1092,708,"http://t.co/OOFSWgS1hp","Easy Cloud Solutions",2015-02-07 13:01:39,FALSE,FALSE,"easycloudslsn","New York","en","3023134503",18,FALSE,"http://pbs.twimg.com/profile_images/568903259704680448/O5x9EcNg_normal.jpeg","#Makeamericagreatagain"
"ebllingisiam","connected introvert. animal lover. #marketing & # for @ColumbiaAlumniA - a network of  inspiring people changing the world.",916,49,821,233,NA,"Emily ",2015-06-21 12:39:38,FALSE,FALSE,"ebllingisiam","Mississippi","en","3338970730",22,FALSE,"http://pbs.twimg.com/profile_images/629735028398948352/8xz5hT_u_normal.jpg","#Makeamericagreatagain"
"eDvinwvp","(VP) Vice  #PEMARPR @pemarpr all inquiries kindly email me at devinwhiteheadvp@gmail.com  / manages @spazz_vega & @nariveliz @cekediaqueen_",1306,91,1105,468,"http://t.co/hlMHpfmxLD","Devin Whitehead",2014-03-18 05:50:43,FALSE,FALSE,"eDvinwvp","Connecticut","en","2395701853",20,FALSE,"http://pbs.twimg.com/profile_images/609558211503353856/dS8MzLmc_normal.jpg","#Makeamericagreatagain"
"edvoradebuhrjne","Green Roots Travel is a  eco-friendly travel company that specializes in authentic and  meani",850,72,751,231,NA,"devora ",2015-05-12 01:14:14,FALSE,FALSE,"edvoradebuhrjne","lafayette, louisiana","en","3247124140",7,FALSE,"http://pbs.twimg.com/profile_images/633277113383165952/uw-HcgMS_normal.jpg","#Makeamericagreatagain"
"EfWNetwork","The Managing Epilepsy Well Network is composed  of individuals interested in epilepsy self-management and in improving quality of life for  with epilepsy.",847,38,731,249,"http://t.co/REi0GSDLIP","MEWNetwork",2015-06-02 19:26:47,FALSE,FALSE,"EfWNetwork","Park Slope,New York","en","3233974392",8,FALSE,"http://pbs.twimg.com/profile_images/632788839585710080/rjb1bx1h_normal.jpg","#Makeamericagreatagain"
"ehydylanmarcsu","American entrepreneur   entertainer",883,79,798,267,"http://t.co/30cghW8c04","Dylan ",2015-06-24 07:15:50,FALSE,FALSE,"ehydylanmarcsu","Texas","en","3343731767",12,FALSE,"http://pbs.twimg.com/profile_images/634977037703335936/s5cCJtUw_normal.jpg","#Makeamericagreatagain"
"eLarningisBliss","For 50 years OLC has been improving people's  by expanding and  promoting literacy within our community.",766,21,668,406,"http://t.co/Dwe906AzQB","Ozark ",2014-05-30 13:35:29,FALSE,FALSE,"eLarningisBliss","New Mexico","en","2535086082",6,FALSE,"http://pbs.twimg.com/profile_images/612955877364989952/K1vAUgDU_normal.jpg","#Makeamericagreatagain"
"election2016__","Tweets of the 2016 presidential candidates. Download the electiontwentysixteen app on the App Store and Google play for free!",33070,189,0,26,"http://t.co/H9RUG2JCJg","election2016",2015-02-09 00:03:51,FALSE,FALSE,"election2016__","","en","3025764963",25,FALSE,"http://pbs.twimg.com/profile_images/621701295313940481/le75fkR5_normal.jpg","#Makeamericagreatagain"
"Eli22301003","#MakeAmericaGreatAgain 
#TeamTrump #Trump2016

God Bless America!

Not affiliated with the official Trump campaign
RT's are not endorsements.",4462,794,522,1001,NA,"Eli S",2015-08-17 18:48:16,FALSE,FALSE,"Eli22301003","","en","3428604087",13,FALSE,"http://pbs.twimg.com/profile_images/646776376003923973/F14FykUz_normal.jpg","#Makeamericagreatagain"
"Ella_Boo_Bella","Photography & writing.. simply a part of who I am, my thoughts and memories, hopes, dreams and passions... that speak for me when I can't seem to find my voice.",769,74,1687,61,NA,"Ella Wigginton",2009-04-01 17:14:17,FALSE,FALSE,"Ella_Boo_Bella","Montgomery, AL","en","28146479",5,FALSE,"http://pbs.twimg.com/profile_images/629497398746828801/e3Pc4kWT_normal.jpg","#Makeamericagreatagain"
"eLslieSavyv","#xoxoxoGirl that's me.   I saw, I !  Fashionista, social parties, charity events, & music entertainment all go together. My life in Washington, D.C.",963,28,845,581,NA,"Leslie Magos",2014-03-25 14:06:36,FALSE,FALSE,"eLslieSavyv","Washington DC","en","2411071022",12,FALSE,"http://pbs.twimg.com/profile_images/608975086893211648/7S_k_AO0_normal.jpg","#Makeamericagreatagain"
"ErickLavi","",1225,1942,1481,120,NA,"California ❤ Trump",2012-04-30 02:58:05,FALSE,FALSE,"ErickLavi","Los Angeles ","en","566858729",8,FALSE,"http://pbs.twimg.com/profile_images/656225382220214272/eJWtAryB_normal.jpg","#Makeamericagreatagain"
"ErikaTwainTrump","@ShaniaTwain has been my favorite since I was a little girl. Her music gets me through the toughest times & sees me through the happiest of times!",910,94,195,108,"https://t.co/xvbkNynr5I","ErikaSTwainDTrump",2015-03-11 04:43:43,FALSE,FALSE,"ErikaTwainTrump","Florida","en","3085703146",4,FALSE,"http://pbs.twimg.com/profile_images/623930407390572548/FKBuYkKQ_normal.jpg","#Makeamericagreatagain"
"eRyMonzonFtLaud","Serial entrepreneur with 2  successful exits in the payroll industry. Launching @webpayroll1. Drummer, , songwriter. Play cajon & sing backup with Madeira.",1085,97,937,469,"https://t.co/mQmWBNl6Rq","Rey Monzon",2014-03-16 03:11:34,FALSE,FALSE,"eRyMonzonFtLaud","new York /Pluto","en","2391996379",9,FALSE,"http://pbs.twimg.com/profile_images/609214400965165057/oqtiuqiv_normal.jpg","#Makeamericagreatagain"
"FIND_DESINGv","Interior  Consultant. Architecture,  Art and Design enthusiast.",1407,42,1210,664,"http://t.co/YXmJBaFMEw","Travel + Leisure",2014-02-23 15:41:20,FALSE,FALSE,"FIND_DESINGv","Maryland, USA","en","2358146652",11,FALSE,"http://pbs.twimg.com/profile_images/578753061264355328/02h8ehOy_normal.jpeg","#Makeamericagreatagain"
"FireSideaGs","FireSide  Natural Gas is certified by the Georgia Public Service Commission to serve over 1.5  residential and commercial natural gas customers.",949,27,818,169,"http://t.co/wcsDnRN1Yl","FireSide Natural ",2015-05-02 12:05:04,FALSE,FALSE,"FireSideaGs","Washington","en","3228173397",6,FALSE,"http://pbs.twimg.com/profile_images/631449911951659012/x8X-0JS8_normal.jpg","#Makeamericagreatagain"
"Gas4Alasak","Alaska Natural Gas  Development Authority: Keeping Alaskans informed, connected, and involved with in-state  activities.",1229,65,1040,1048,"http://t.co/onhRmWXYDR","ANGDA",2014-07-21 04:35:36,FALSE,FALSE,"Gas4Alasak","Massachusetts","en","2664912884",15,FALSE,"http://pbs.twimg.com/profile_images/527776557108961282/JS6U4qlr_normal.jpeg","#Makeamericagreatagain"
"GemmaTargaryen","Norman Reedus followed on 13/08/2015 fave shows are #GameofThrones #TheWalkingDead @NormansAngels2 @NormansAngelsUK @BoondokBeauties member!",23725,1038,14007,463,NA,"Gemma Targaryen",2012-09-03 11:08:44,FALSE,FALSE,"GemmaTargaryen","Reedusland","en","800185183",21,FALSE,"http://pbs.twimg.com/profile_images/670374876138590208/cqVQquz9_normal.jpg","#Makeamericagreatagain"
"GodsNotRale_","There is no  capable of  convincing me God exists.  Only God can convince me God exists.",947,53,835,406,"http://t.co/i2WwRVc5Rh","God Is Not ",2015-07-28 23:28:04,FALSE,FALSE,"GodsNotRale_","Wayside, New Jersey","en","3392881415",19,FALSE,"http://pbs.twimg.com/profile_images/635591678762590208/kg72pNOL_normal.jpg","#Makeamericagreatagain"
"grammy620","Retired conservative grandmother. No amnesty,no gun control,no PC, No Obama! Trump2016, dogs, fishing. #tcot #LNYHBT followed by Sean Hannity",184378,6484,6131,2391,NA,"Pat",2009-03-15 12:22:53,FALSE,FALSE,"grammy620","Villa Park, Illinois","en","24516301",343,FALSE,"http://pbs.twimg.com/profile_images/1523388858/Easter_pic_Julie_and_Kailee_2009_normal.JPG","#Makeamericagreatagain"
"GregJeffery888","Love nature, my pups, talking about politics",272153,1955,513,1943,"http://t.co/IbNkywLJzq","Greg Jeffery",2015-07-14 17:18:31,FALSE,FALSE,"GregJeffery888","","en","3376060913",599,FALSE,"http://pbs.twimg.com/profile_images/621006442158555136/dlwhFSxE_normal.jpg","#Makeamericagreatagain"
"hckysnyder","",4444,173,5044,37,NA,"Sharon Snyder",2013-03-19 21:52:34,FALSE,FALSE,"hckysnyder","","en","1281620701",8,FALSE,"http://abs.twimg.com/sticky/default_profile_images/default_profile_4_normal.png","#Makeamericagreatagain"
"hCrisMoreo","Electronic music enthusiast.  Lover of  things Italian. #ForzaAzzurri #ForzaMilan #CFC",1035,138,952,461,NA,"Chris Moreo",2014-05-15 12:27:23,FALSE,FALSE,"hCrisMoreo","Washington, DC / Arlington, VA","en","2496256692",11,FALSE,"http://pbs.twimg.com/profile_images/612795320037175296/JZ3rR7fn_normal.jpg","#Makeamericagreatagain"
"HealthTruckers","Truckers Helping Truckers to get Healthy and Stay Healthy. With the Vemma weight loss program and nutritional products",21847,9143,2262,9232,"http://t.co/nfuP1OSBMI","Healthy Truckers",2013-04-19 23:23:38,FALSE,FALSE,"HealthTruckers","","en","1365622874",116,FALSE,"http://pbs.twimg.com/profile_images/457694570868781058/TvZKnQA9_normal.jpeg","#Makeamericagreatagain"
"heubergermotrso","We Love Subaru, Colorado, our faithful customers, the outdoors,  community, and  more!!!
http://t.co/hVe3S6pC7k",1471,77,1258,633,"http://t.co/4I3Tp4kqkA","Heuberger Subaru",2015-04-12 19:20:40,FALSE,FALSE,"heubergermotrso","Montana","en","3160892457",19,FALSE,"http://pbs.twimg.com/profile_images/593422394397564928/-S3B8WQu_normal.jpg","#Makeamericagreatagain"
"homefreeee","Christian, Conservative, Veteran, Patriot, Pro 2nd Amendment, Pro Israel Trump/Cruz, #MakeAmericaGreatAgain",10191,853,17309,1052,NA,"Hope",2014-09-28 23:09:49,FALSE,FALSE,"homefreeee","","en","2790188549",34,FALSE,"http://pbs.twimg.com/profile_images/670763702983888896/1YC91iyj_normal.jpg","#Makeamericagreatagain"
"hTeCrossLawFirm","The Cross  Law Firm, APC is a professional law firm practicing #RealEstate, #, #Business and #PersonalInjury #law throughout California.",861,137,758,478,"http://t.co/u9PLuQE16e","The Cross Law Firm",2014-06-06 15:37:28,FALSE,FALSE,"hTeCrossLawFirm","Virginia","en","2550318650",8,FALSE,"http://pbs.twimg.com/profile_images/603816574034644992/RpJITZcy_normal.jpg","#Makeamericagreatagain"
"HughSwohs","Covering the Pittsburgh indie music scene one   at a time",936,58,842,371,"http://t.co/tCOrTeYYFh","HughShows",2015-07-27 16:37:24,FALSE,FALSE,"HughSwohs","Indiana","en","3298067694",11,FALSE,"http://pbs.twimg.com/profile_images/635543395788812294/V_s2rShQ_normal.jpg","#Makeamericagreatagain"
"HumanRehzn","Happy being myself...  Engineer..F1 Maniac.Paranormal  Freak....;)",864,68,787,262,NA,"Rehan",2015-08-24 14:39:19,FALSE,FALSE,"HumanRehzn","New Hampshire","en","3328749000",14,FALSE,"http://pbs.twimg.com/profile_images/637020684653301761/hFLYKAmD_normal.jpg","#Makeamericagreatagain"
"HungryHamstar","Trump is the man.",2323,129,3275,64,"http://t.co/NXe4CQjjKA","Brian Thompson",2009-11-19 09:30:47,FALSE,FALSE,"HungryHamstar","","en","91070289",12,FALSE,"http://pbs.twimg.com/profile_images/688313978/Monarchy2_normal.png","#Makeamericagreatagain"
"hwallace2210","Former K-12 Technology Teacher. Account  for http://t.co/JYF4YpWZXO  . Every teacher should have a PLN. Dr. Pepper is the best!",1688,198,1448,640,NA,"Haley Wallace",2013-12-14 08:08:41,FALSE,FALSE,"hwallace2210","Des Moines, Iowa","en","2245226630",17,FALSE,"http://pbs.twimg.com/profile_images/586867149072760832/zyp59F2O_normal.jpg","#Makeamericagreatagain"
"HaasJordanUMBv","Quality  Since 1899 
Custom Printing, Great Service",963,36,872,101,"http://t.co/IBRCf3uKiX","Haas-Jordan",2014-02-23 13:04:28,FALSE,FALSE,"HaasJordanUMBv","Nevada","en","2357968208",6,FALSE,"http://pbs.twimg.com/profile_images/580413601594228736/7f0Mo2a4_normal.jpg","#Makeamericagreatagain"
"iDgitalRaySOE","Digital  Ray is a custom web development company that  professional custom web design, SEO, SEM, e-marketing, and more!",916,76,772,239,"http://t.co/FLCXuSYNEg","Digital ",2015-06-17 03:56:46,FALSE,FALSE,"iDgitalRaySOE","Panama, Florida, Bristol","en","3330662847",8,FALSE,"http://pbs.twimg.com/profile_images/633427735616983040/kFpdolhA_normal.jpg","#Makeamericagreatagain"
"illumediai","and educating cross-media professionals  
through emerging media technologies",1110,63,911,319,"http://t.co/hXILQwVPHj","illumedia",2014-05-31 21:10:26,FALSE,FALSE,"illumediai","North Carolina","en","2538246007",12,FALSE,"http://pbs.twimg.com/profile_images/569333273264812032/f1hfnF8L_normal.jpeg","#Makeamericagreatagain"
"iMchael_Dorff","PR, current issues &  from around the world. Tracking conservation, health, economics, tech,  oil & gas. Austin, Dallas, DC, Trinidad, Midland. Naturalist.",1224,67,1027,470,"http://t.co/8rV1OZBmsG","Michael Dorff",2014-03-25 21:17:11,FALSE,FALSE,"iMchael_Dorff","Utah","en","2411550422",12,FALSE,"http://pbs.twimg.com/profile_images/609030218460766208/HDEhF2nM_normal.jpg","#Makeamericagreatagain"
"imchrisvale","I'm Chris from the hit reality show Jack Vale: Offline",866,804,4081,257,"https://t.co/SZF9QJJq9B","Chris",2013-08-02 18:25:06,FALSE,FALSE,"imchrisvale","","en","1641071821",5,FALSE,"http://pbs.twimg.com/profile_images/563187621422059522/Is9jhcNV_normal.jpeg","#Makeamericagreatagain"
"ImmoralReport","#StopAbortion #StopIllegalAliens #NoAmnesty #DeportThemAll #BuildTheWall #SecureTheBorder #NoIranDeal #NoLibtards #IStandWithIsrael #StopGayMarriage",76406,3574,1232,3494,NA,"StopTheMadness",2015-07-15 04:38:16,FALSE,FALSE,"ImmoralReport","","en","3376927462",215,FALSE,"http://pbs.twimg.com/profile_images/635545990917849088/NmzMAAc6_normal.png","#Makeamericagreatagain"
"IngeDEFESNE","",931,42,829,1072,NA,"jyzreanar",2014-09-23 18:30:39,FALSE,FALSE,"IngeDEFESNE","","en","2781627832",9,FALSE,"http://pbs.twimg.com/profile_images/524501927996821505/60EydtpN_normal.jpeg","#Makeamericagreatagain"
"InnovaeAtZ","InnovateAZ is  a  page for sharing everything you need to communicate expertly from social media to telecom policy and new technology. Check it out!",1157,59,972,537,"http://t.co/EUsZNVn4qQ","Innovate AZ",2015-04-12 22:10:19,FALSE,FALSE,"InnovaeAtZ","Maryland","en","3161433514",19,FALSE,"http://pbs.twimg.com/profile_images/593394085630607361/kG9p_cqs_normal.jpg","#Makeamericagreatagain"
"interconnecter","#PrayerForPairs",5518,55,0,9,NA,"#USForPairs",2015-11-11 06:02:50,FALSE,FALSE,"interconnecter","","en","4198314254",61,FALSE,"http://pbs.twimg.com/profile_images/667208794045202432/EXrrbAmy_normal.jpg","#Makeamericagreatagain"
"itscolbydood","CHS class of '18 football #46",117,82,217,86,NA,"colby w",2015-01-29 06:39:52,FALSE,FALSE,"itscolbydood","","en","3000651966",1,FALSE,"http://pbs.twimg.com/profile_images/628801515013038081/wERpDwzH_normal.jpg","#Makeamericagreatagain"
"jarheadjim9200","Retired Marine Corps- and started a door and hardware installation . Went back to  college, got my degree BS-BM. PRO ISRAEL",988,25,886,202,NA,"James ",2015-08-31 15:24:02,FALSE,FALSE,"jarheadjim9200","Montana","en","3404923158",10,FALSE,"http://pbs.twimg.com/profile_images/639295710245048320/3rQ3mYZG_normal.jpg","#Makeamericagreatagain"
"JasonsGrandpa","Conservative husband, father and grandfather with strongly held Christian values. USAF vet. Strong interest in politics.  Fighting for truth and American way.",29061,2381,7806,3546,NA,"Jason's Grandpa",2009-03-06 09:15:58,FALSE,FALSE,"JasonsGrandpa","","en","23047147",97,FALSE,"http://pbs.twimg.com/profile_images/653183434391732224/BdHwxblL_normal.jpg","#Makeamericagreatagain"
"Jax6655","Boomer, liberal, womanist, reader, writer, bus. strategist. I block bots, trolls, and bigots. #BlackLivesMatter #BernedOut",60404,978,33489,827,NA,"Jax!",2013-06-04 14:51:28,FALSE,FALSE,"Jax6655","Michigan","en","1482492223",47,FALSE,"http://pbs.twimg.com/profile_images/608308137192525826/z96_X6RH_normal.png","#Makeamericagreatagain"
"jensen1230","ret local govt manager-conservative politics-#Benghazi-secure our borders-support/honor our troops & vets",48075,2685,42004,2914,NA,"Pam Brant",2013-02-16 22:35:35,FALSE,FALSE,"jensen1230","","en","1187675324",80,FALSE,"http://pbs.twimg.com/profile_images/429396343581179904/hpK6HZbX_normal.jpeg","#Makeamericagreatagain"
"jilensmommy08","Mother , #Entrepreneur #Sagittarius  #BeachLover  #RHOAfan #TeamFollowBack",786,66,708,237,NA,"Queen ",2015-06-18 18:09:15,FALSE,FALSE,"jilensmommy08","Columbus, Ohio","en","3333060339",6,FALSE,"http://pbs.twimg.com/profile_images/634055351311056897/SaX3o6FG_normal.jpg","#Makeamericagreatagain"
"JLAngapolsi","Junior League  Annapolis, Inc. is an organization of women committed to promoting voluntarism, developing the potential  of women & improving the community.",1216,186,1089,536,"http://t.co/hPw5F4854a","JL of Annapolis",2015-04-12 00:16:16,FALSE,FALSE,"JLAngapolsi","Orlando, Florida","en","3158075908",22,FALSE,"http://pbs.twimg.com/profile_images/611312209851879424/_kzQRLMi_normal.jpg","#Makeamericagreatagain"
"jlrobinnos6","Avid learner and reader. Runner, 5 Half Marathons.  addict. Beer snob.  Challenge me, surprise me. Communications w/ @DowChemical Tweets=mine",1043,18,879,588,"http://t.co/qrMJ6pQssU","Marketplace",2015-04-12 19:24:40,FALSE,FALSE,"jlrobinnos6","Phoenix, Arizona","en","3160952813",8,FALSE,"http://pbs.twimg.com/profile_images/593246089035190272/_5bYubcM_normal.jpg","#Makeamericagreatagain"
"jnickel972","An Excellent Bio",912,57,1518,215,NA,"Chef Excellence",2013-08-14 22:22:43,FALSE,FALSE,"jnickel972","An Excellent Location","en","1671595105",0,FALSE,"http://pbs.twimg.com/profile_images/563492750935724032/rZ9dxQ_P_normal.jpeg","#Makeamericagreatagain"
"JStadtlre","#PwC partner  Leader of U.S.  Financial Services practice. @VillanovaU School of Business 1988. #Boston Marathon runner. Husband and father. Views are my own.",809,58,730,312,"http://t.co/PRFIEhpc7o","John W ",2015-06-27 17:06:06,FALSE,FALSE,"JStadtlre","Arizona","en","3347791252",7,FALSE,"http://pbs.twimg.com/profile_images/634838356443004928/RwiJmkwy_normal.jpg","#Makeamericagreatagain"
"jtsouth2012","",182,26,138,81,NA,"John Turney",2012-08-22 01:19:08,FALSE,FALSE,"jtsouth2012","","en","772625785",0,FALSE,"http://pbs.twimg.com/profile_images/2529732375/image_normal.jpg","#Makeamericagreatagain"
"juliardupnol","Love the visual aspect of life. Want to  about design, technology, green ideas, cycling, travel &  food!",656,37,595,254,"http://t.co/Joz47W2gVt","Julia ",2015-08-24 17:22:28,FALSE,FALSE,"juliardupnol","Portland, Oregon","en","3438167001",4,FALSE,"http://pbs.twimg.com/profile_images/637133249009942528/8FWuzShq_normal.jpg","#Makeamericagreatagain"
"kennedyqueenbee","senior @ UHS ☼∞",27390,1021,10276,615,NA,"ken ☯♕",2011-10-16 19:52:56,FALSE,FALSE,"kennedyqueenbee","Myrtle Beach, SC","en","392273108",1,FALSE,"http://pbs.twimg.com/profile_images/670723969310437377/Oi0w9Yxl_normal.jpg","#Makeamericagreatagain"
"ketultheking786","Born in Saudi Arabia ,
Study in South Africa ,
Now-Work in Surat ,
Proud of HINDUISM (Way of Life),
#Science is the Greatest Gift to Mankind
#SolarRevolution",27450,562,15374,2068,NA,"KETULKUMAR",2014-09-20 20:43:17,FALSE,FALSE,"ketultheking786","Surat, Gujarat","en","2822776393",84,FALSE,"http://pbs.twimg.com/profile_images/658550542654836737/KjAawybN_normal.jpg","#Makeamericagreatagain"
"Knightwild","USAF Veteran Desert Storm. Have PLENTY to say. If you do not have thick skin you may not like it. #Trump/Cruz2016",1639,695,51,914,NA,"Shadowknight",2012-04-15 02:30:40,FALSE,FALSE,"Knightwild","","en","554006590",11,FALSE,"http://pbs.twimg.com/profile_images/2167899090/SUPPORT_OUR_TROOPS_by_DianaHirsch_normal.jpg","#Makeamericagreatagain"
"korean_rabbit","",435,17,518,43,NA,"hoon kim",2011-04-20 17:49:08,FALSE,FALSE,"korean_rabbit","","en","285185831",0,FALSE,"http://pbs.twimg.com/profile_images/618838018581860353/PpFZpAxa_normal.jpg","#Makeamericagreatagain"
"KReady997","Freedom Isn't Free..!",5881,162,91,68,NA,"Douglas K.",2015-08-10 22:19:54,FALSE,FALSE,"KReady997","","en","3311859836",17,FALSE,"http://pbs.twimg.com/profile_images/634608091577864192/yeAQTTE2_normal.jpg","#Makeamericagreatagain"
"lAgStarPromo_","The Hottest  Promotion Company In Miami!! Ask About  Us!! Dale!!",1117,50,954,566,"http://t.co/sltsFjg9kd","All Star Promotions",2014-02-26 09:02:46,FALSE,FALSE,"lAgStarPromo_","Des Moines, Iowa","en","2362393664",10,FALSE,"http://pbs.twimg.com/profile_images/610816497758240768/0PT0q0fq_normal.jpg","#Makeamericagreatagain"
"laovgkr021f0",":* :) :* ;)  :* :) :*",1010,35,786,1226,NA,"*|°*|°Kara°|*°|*",2014-01-20 07:53:10,FALSE,FALSE,"laovgkr021f0","New Hampshire and Moscow","en","2300974578",10,FALSE,"http://pbs.twimg.com/profile_images/435611275981111296/6APIMzui_normal.jpeg","#Makeamericagreatagain"
"laurencristmann","biggest Donald Trump fan in PA we need him now, BUILD A WALL DJT 2016 till 2024. proud member of the silent/noisy majority",4401,331,4967,302,NA,"Lauren",2015-09-04 20:39:02,FALSE,FALSE,"laurencristmann","","en","3548257701",17,FALSE,"http://pbs.twimg.com/profile_images/669207631404376064/pD0jEzAP_normal.jpg","#Makeamericagreatagain"
"lelapollock","Christian conservative, Trump fan",11554,1008,11194,854,NA,"lela f pollock",2015-07-27 00:49:45,FALSE,FALSE,"lelapollock","","en","3296425320",33,FALSE,"http://pbs.twimg.com/profile_images/664177804989345792/pEKQXvsW_normal.jpg","#Makeamericagreatagain"
"LibertarianJew","Son of legal Russian ✡ immigrants. Former Leftist. Pro-Freedom Pro-Israel Pro-Carry Pro-SSMarriage Pro-Cat ~If U Don't Stand 4 Something, U'll Fall 4 Anything~",1442,199,1346,862,"http://t.co/yQeRKgYkrn","Dmitry",2010-09-09 07:18:26,FALSE,FALSE,"LibertarianJew","New York","en","188650808",7,FALSE,"http://pbs.twimg.com/profile_images/658725278462533632/ntRT1GPh_normal.jpg","#Makeamericagreatagain"
"Lilpezy","BE FREE  Play...Music Business Major  @ Full Sail University Snapchat: gabbylynne IG: gabbylynne",720,25,623,485,NA,"Gabby Lopez",2015-04-12 05:18:15,FALSE,FALSE,"Lilpezy","California","en","3150889717",7,FALSE,"http://pbs.twimg.com/profile_images/611355837068640256/NXSH9UoX_normal.jpg","#Makeamericagreatagain"
"lynnetteofztw","",1184,79,1006,1095,NA,"Lynnette Campos",2013-12-25 10:16:25,FALSE,FALSE,"lynnetteofztw","Florida","en","2261320604",12,FALSE,"http://pbs.twimg.com/profile_images/423294468830154752/pbnNjjE2_normal.jpeg","#Makeamericagreatagain"
"MandatloS","",929,53,720,1318,NA,"A Sol",2013-12-28 18:42:12,FALSE,FALSE,"MandatloS","Illinois","en","2266286558",5,FALSE,"http://pbs.twimg.com/profile_images/423394201997283328/WGyRRt3O_normal.jpeg","#Makeamericagreatagain"
"manriquelpa","",1155,45,959,1022,NA,"Jeni",2014-05-16 21:22:52,FALSE,FALSE,"manriquelpa","","en","2499921218",8,FALSE,"http://pbs.twimg.com/profile_images/484493987659542529/MzNMgb3c_normal.jpeg","#Makeamericagreatagain"
"Marcosbanuelos7","",637,37,238,78,NA,"Marcos banuelos",2015-08-08 01:59:49,FALSE,FALSE,"Marcosbanuelos7","Texas, USA","en","3309163686",2,FALSE,"http://pbs.twimg.com/profile_images/629842081255522304/62-DsyK4_normal.jpg","#Makeamericagreatagain"
"mauritamille2r4","great  film should seem new every time you see it.",862,22,727,370,NA,"Maurita ",2015-06-30 12:56:22,FALSE,FALSE,"mauritamille2r4","Nebraska","en","3351822868",1,FALSE,"http://pbs.twimg.com/profile_images/635545971682729984/SFC2RKio_normal.jpg","#Makeamericagreatagain"
"McAfeeTheoloyg","McAfee School of Theology at Mercer  University is a graduate, professional  seminary located in Atlanta offering Masters and Doctoral degrees.",1047,302,893,286,"http://t.co/Q5zIFnYuzG","McAfee Sch. ",2015-07-03 16:52:14,FALSE,FALSE,"McAfeeTheoloyg","Massachusetts","en","3357045729",6,FALSE,"http://pbs.twimg.com/profile_images/629858697292980224/oWPwjqyU_normal.jpg","#Makeamericagreatagain"
"meganena13","There is no force that can stop a country, when the country wants to be the architect of its own destiny.",11714,618,12635,151,NA,"luisa Deonarine",2010-05-11 18:26:51,FALSE,FALSE,"meganena13","","en","142770500",29,FALSE,"http://pbs.twimg.com/profile_images/1237978024/056_normal.JPG","#Makeamericagreatagain"
"melisozdenyct","Nothing's more fun than doing what people  say   can't do!-",914,38,769,1309,NA,"Melis ",2013-09-11 16:44:26,FALSE,FALSE,"melisozdenyct","Arizona","en","1854877111",14,FALSE,"http://pbs.twimg.com/profile_images/378800000535432740/81e3f845d35fee823385a320607ac480_normal.jpeg","#Makeamericagreatagain"
"merewislil","Vegan, Hugger of Trees,  Bleeding Heart, RN, Freethinker, Geocacher, Yoga Enthusiast, Aspiring Runner, Muse, Writer,  in California",862,38,768,467,"http://t.co/7pK45SvR9l","Mere",2015-05-06 17:09:14,FALSE,FALSE,"merewislil","Alabama","en","3239091453",8,FALSE,"http://pbs.twimg.com/profile_images/601971661659865088/SfxKyxJZ_normal.jpg","#Makeamericagreatagain"
"MHATPL","#Online  | #SEO | #SMM | Dad to  three :-)",899,24,769,259,"http://t.co/dUTBAZPUru","Mike ",2015-05-03 16:21:02,FALSE,FALSE,"MHATPL","New York/FL","en","3231011926",9,FALSE,"http://pbs.twimg.com/profile_images/632084306903433216/XrhoDO4b_normal.jpg","#Makeamericagreatagain"
"MikeandDawnNY","Libtards & Trump haters will be blocked! #MakeAmericaGreatAgain
#TRUMP2016 #YANKEES
followers @realjoecausi @rosannascotto @melissajoanhart @marycalvitv",20395,1126,7151,1083,NA,"MIKE AND DAWN",2013-03-04 18:35:18,FALSE,FALSE,"MikeandDawnNY","Brooklyn, NY","en","1241952727",39,FALSE,"http://pbs.twimg.com/profile_images/426418299610882048/zGEIzjsE_normal.jpeg","#Makeamericagreatagain"
"Miraclebaby5000","JFK made me wish to join Peace Corps. Reagan was my hero. So are Vets. Proud to be American. Fight for our Liberties. Twitter is my voice.",13801,335,1386,236,NA,"PD",2015-07-19 14:09:10,FALSE,FALSE,"Miraclebaby5000","","en","3383161810",22,FALSE,"http://pbs.twimg.com/profile_images/666068482614685696/eWgZ2eGb_normal.jpg","#Makeamericagreatagain"
"missjunglse","Love  real estate,  and cake",876,47,762,221,NA,"Patti",2015-06-30 19:08:52,FALSE,FALSE,"missjunglse","Colorado","en","3352264666",6,FALSE,"http://pbs.twimg.com/profile_images/633568773857918976/X84hLpM9_normal.jpg","#Makeamericagreatagain"
"mjm1374y","Ardent Philadelphian, father of 2 bo.ys and  Director  of Technology for the Brownstein Group.",1616,119,1278,1388,"http://t.co/iEKGxCWiWy","Mike McAllister",2013-08-23 12:44:18,FALSE,FALSE,"mjm1374y","Washington, DC","en","1693750808",15,FALSE,"http://pbs.twimg.com/profile_images/378800000420916735/1da59f590d514d5efd27a9c3944d1508_normal.jpeg","#Makeamericagreatagain"
"mmullix","Doer and  visionary in web development, photography, marketing, , family, nature, adventure and Latin lifestyle.",804,75,711,228,"http://t.co/F9KSGozpse","Cesar E. ",2015-06-27 16:54:59,FALSE,FALSE,"mmullix","Texas","en","3347780596",13,FALSE,"http://pbs.twimg.com/profile_images/634897658176512000/NAWI1z0h_normal.jpg","#Makeamericagreatagain"
"mountaingyrl99","MOM N DAUGHTER 4 #DONALDTRUMP we mus stic 2gather FOLLO EACHOTHER  #MakeAmericaGreatAgain #DonaldTrumpforPresident  ANGRY AMERICAN #PRAYFORPARIS",9522,2181,3368,2599,NA,"TRUMP♡CRUZ♢CENTRAL",2013-04-08 16:45:54,FALSE,FALSE,"mountaingyrl99","","en","1337093174",36,FALSE,"http://pbs.twimg.com/profile_images/668609101686030336/9Dyq0F5S_normal.jpg","#Makeamericagreatagain"
"msann43","Conservative, patriot, single grandmother, retired banker & law enforcement and fed up with current administration.  ENOUGH IS ENOUGH! Let's take back our freed",36267,1332,137,930,NA,"Ann Anderson",2012-10-12 17:13:53,FALSE,FALSE,"msann43","Louisiana, USA","en","876040219",99,FALSE,"http://pbs.twimg.com/profile_images/378800000018262324/3186252839fd6858136fdb83dc59d8ce_normal.jpeg","#Makeamericagreatagain"
"MyRESocialMedai","My Real Estate Social Media is the complete package when it comes  to social media consulting and management for  estate professionals.",808,31,695,258,"http://t.co/z0tOZd7z3A","MyRESocialMedia",2015-06-01 20:41:35,FALSE,FALSE,"MyRESocialMedai","Wisconsin","en","3305929635",6,FALSE,"http://pbs.twimg.com/profile_images/632196188264099840/V22SrqiF_normal.jpg","#Makeamericagreatagain"
"nAnMarieRael","Tweets Healthy, Wealthy & Wise.. Personal & Business Success, Leadership, Keep the Faith  Life  is on your side!  BH  
BNI HQ in ...",789,23,703,422,NA,"Ann-Marie Rael L.",2015-04-12 07:35:25,FALSE,FALSE,"nAnMarieRael","Hawaii","en","3158710667",6,FALSE,"http://pbs.twimg.com/profile_images/611390176086986752/JdvkDtT6_normal.jpg","#Makeamericagreatagain"
"NickSellsPeroai","real estate, music, fun, cars pretty much  me in a nutshell  and food. all the time",875,77,772,184,NA,"Nick ",2015-05-02 15:56:08,FALSE,FALSE,"NickSellsPeroai","Iowa","en","3228592210",7,FALSE,"http://pbs.twimg.com/profile_images/631654199952957440/vrbFY7Vw_normal.jpg","#Makeamericagreatagain"
"NJMike319","You never lose. You either win or learn. Proud American! ΜΟΛΩΝ ΛΑΒΕ",261004,2037,47,1016,NA,"njmike319",2013-06-17 13:21:50,FALSE,FALSE,"NJMike319","Jersey Baby!","en","1524857611",224,FALSE,"http://pbs.twimg.com/profile_images/378800000064294582/0bf73014927eeaf110a20f3556bf8a70_normal.jpeg","#Makeamericagreatagain"
"NRSrentalsm","National Rental  Services is an investment   management company specializing in portfolio-based management for individual owners and organizations.",1011,18,951,712,"http://t.co/Uyvexz7YRS","National Rental(NRS)",2014-02-23 13:20:28,FALSE,FALSE,"NRSrentalsm","Maryland","en","2357987120",10,FALSE,"http://pbs.twimg.com/profile_images/578741893304979456/3OZf4Gu1_normal.jpeg","#Makeamericagreatagain"
"nsprnwse","North State Public Radio, a service of @chicostate, covers about  one-third of California. On air as KCHO-FM in Chico (91.7 FM) and -FM in Redding (88.9 FM).",1159,226,1040,242,"http://t.co/S2vkZiq9ZT","NSPR ",2015-05-02 17:21:40,FALSE,FALSE,"nsprnwse","Lakeland Florida","en","3183179288",12,FALSE,"http://pbs.twimg.com/profile_images/631736632996196353/3R4EJ-0L_normal.jpg","#Makeamericagreatagain"
"NTcurriculum","Tweeting for the Tennessee  Curriculum Center: Supporting an inclusive and dynamic teaching  focused on 21st century learning.",1546,181,1381,729,"http://t.co/SMr086Ysgv","TeachMeet Nashville",2014-02-21 08:20:28,FALSE,FALSE,"NTcurriculum","Nebraska","en","2354468077",21,FALSE,"http://pbs.twimg.com/profile_images/579757576625086464/ibZDlkWU_normal.jpg","#Makeamericagreatagain"
"oliviamton","Wife,Mom to 4 boys,Homeschooler,, Internet  Marketing Consultant,Help Moms And Families Find Home Based Businesses, Captivated By Jesus!",876,23,782,597,"http://t.co/hrkcJLcRD4","Olivia Montgomery",2015-04-12 18:29:42,FALSE,FALSE,"oliviamton","South Africa | New York City","en","3160830730",8,FALSE,"http://pbs.twimg.com/profile_images/593472498982907906/T7nV5dzx_normal.jpg","#Makeamericagreatagain"
"OnASensualNoet","On a Sensual Note is  University's premier all-male a cappella group founded in 1996. Stay tuned for info  on performances, new songs, and auditions!",876,21,760,267,"http://t.co/d2d3yUHCv8","On a Sensual ",2015-06-27 18:11:20,FALSE,FALSE,"OnASensualNoet","Coram,New York","en","3258067579",8,FALSE,"http://pbs.twimg.com/profile_images/630095891328688129/V9vomxcP_normal.jpg","#Makeamericagreatagain"
"Only1Lmarshal","Beer &bitches",1263,78,218,378,NA,"jimiMarshallHendrix",2013-07-23 12:13:48,FALSE,FALSE,"Only1Lmarshal","","en","1615103922",0,FALSE,"http://pbs.twimg.com/profile_images/497118102707245056/tA2xhQKX_normal.jpeg","#Makeamericagreatagain"
"orbryan90","/Dancer/Actor/Dance  Teacher/Director/Writer",941,131,776,508,NA,"Robert Schultz",2014-03-25 11:56:28,FALSE,FALSE,"orbryan90","Port St. Lucie, Florida","en","2410903585",16,FALSE,"http://pbs.twimg.com/profile_images/608959772373733377/mLCfEijj_normal.jpg","#Makeamericagreatagain"
"PetePetretich","It's the economy, Silly! https://t.co/4fcjOU5gPn  #GlobalWarmingDenier #BreitbartLives @realDonaldTrump #MakeAmericaGreatAgain

Followed by @KatrinaPierson",44733,1393,33,2687,"http://t.co/IF8bbXhrZM","PetePetretich",2011-06-29 13:49:17,FALSE,FALSE,"PetePetretich","ClevelandOhioUSA","en","326165355",48,FALSE,"http://pbs.twimg.com/profile_images/572670951964151808/wf-Lem_8_normal.png","#Makeamericagreatagain"
"phatjoe_eirich","Want to make both BAD and good friends. 
Learnt the need of Children cannot be met!",2109,144,110,422,NA,"Qillah Eirich",2010-09-16 15:40:13,FALSE,FALSE,"phatjoe_eirich","Denu","en","191487117",3,FALSE,"http://pbs.twimg.com/profile_images/653596295874117633/lD-ci_Kj_normal.jpg","#Makeamericagreatagain"
"PietroRubano","IMMA FIRIN MAH LAZOR",157,129,212,1142,NA,"AMAE",2011-11-21 20:17:38,FALSE,FALSE,"PietroRubano","Camp Crystal Lake","it","418139231",0,FALSE,"http://pbs.twimg.com/profile_images/623592924568264704/pEdIbXjM_normal.jpg","#Makeamericagreatagain"
"pikester45","USA, patriotism, Support our Military, pro-life, Defender of our Constitutional Republic. #Impeach0. #Tcot #ccot",219278,8410,181785,7593,NA,"passion flower",2013-03-08 21:56:13,FALSE,FALSE,"pikester45","","en","1252826672",242,FALSE,"http://pbs.twimg.com/profile_images/476144861268025344/BNTM5f6B_normal.jpeg","#Makeamericagreatagain"
"PJ_Perlmuttre","Marketing and branding consultant. If you're an artist, intellect or just a cool human being ( dog), I'm  interested.",1251,196,1039,463,"http://t.co/yrUMEv1YNk","JP",2014-03-20 01:35:54,FALSE,FALSE,"PJ_Perlmuttre","Hawaii","en","2398672381",26,FALSE,"http://pbs.twimg.com/profile_images/609881395763265536/UD6sVblB_normal.jpg","#Makeamericagreatagain"
"plainpersin","Born in Brooklyn, Stony Brook University alumnus, fiction writer. #SanitariumPark, 850 p. thriller/suspense/satire. ONLY on eBay. Hard or softcover, signed.",10092,1594,1298,2115,NA,"HowardPaulAnderson",2010-04-19 16:39:27,FALSE,FALSE,"plainpersin","Shenandoah Valley, Virginia","en","134850542",47,FALSE,"http://pbs.twimg.com/profile_images/441321599161991168/Hk0iHXY1_normal.jpeg","#Makeamericagreatagain"
"pmaroziz","Head Baseball  at Notre  Dame High School in Clarksburg, WV & Account Executive with Frontier Communications",1079,197,904,498,NA,"Patrick ",2015-04-24 04:50:53,FALSE,FALSE,"pmaroziz","Buffalo, New York","en","3169713492",10,FALSE,"http://pbs.twimg.com/profile_images/613224780058091520/L1af7-HR_normal.jpg","#Makeamericagreatagain"
"PoliticalMikeGB","Conservative, Donald Trump supporter, Loves The Constitution, Talking Politics, Loves God, Enjoys History",1171,293,728,461,NA,"Mike G Bergeron",2015-09-20 09:38:38,FALSE,FALSE,"PoliticalMikeGB","Santa Rosa, CA","en","3625547893",7,FALSE,"http://pbs.twimg.com/profile_images/667109418895433729/IkS1T8dn_normal.jpg","#Makeamericagreatagain"
"Powerxetrics","Power Metrics International, a subsidiary of @NAMEenergygroup, is the leading manufacturer of power management  optimization systems for commercial .",937,45,808,185,"http://t.co/98I6wuSjVb","Power Metrics .",2015-06-29 22:11:34,FALSE,FALSE,"Powerxetrics","Texas","en","3260485795",5,FALSE,"http://pbs.twimg.com/profile_images/632092835148247040/-bufcGRV_normal.jpg","#Makeamericagreatagain"
"pquintela_cdpe","Liberals fear what they don't understand and unfortunately for liberals they don't understand anything..I love USA do you? former D voting R! I got smarter #2A",5086,408,952,557,"https://t.co/OemMAXJ3up","Freedom and Truth",2011-06-01 17:18:08,FALSE,FALSE,"pquintela_cdpe","New Jersey, USA","en","309176121",9,FALSE,"http://pbs.twimg.com/profile_images/653073083859894272/cERk2ToL_normal.jpg","#Makeamericagreatagain"
"ramirez4trump","",541,11,0,2,NA,"Mike R",2015-11-03 15:50:34,FALSE,FALSE,"ramirez4trump","","en","4105477635",1,FALSE,"http://pbs.twimg.com/profile_images/661573061334929408/r0iXrgdf_normal.jpg","#Makeamericagreatagain"
"randbya","",1113,27,925,1200,NA,"Brittany Schneider",2014-05-04 14:19:30,FALSE,FALSE,"randbya","","en","2476966213",9,FALSE,"http://pbs.twimg.com/profile_images/476490575558897664/uISDeqbN_normal.jpeg","#Makeamericagreatagain"
"ravi2010mary","POST CARDIAC ARREST SURVIVOR .pride Indian , penstar,penfriend, womenrightsupporter. A REBORN MAN Always remember Apollo hospital.NATIONAL FLAG CRITICS ACHIEVER",159011,10200,82016,9140,"http://t.co/dbodGBy3fg","ravimary*prophet",2014-03-04 16:58:24,FALSE,FALSE,"ravi2010mary"," India,tamilnadu,","en","2372162220",263,FALSE,"http://pbs.twimg.com/profile_images/593074487513387008/cvO62Zhu_normal.jpg","#Makeamericagreatagain"
"realDonaldTrump","The official Twitter profile for Donald Trump  http://t.co/XjVAWwcrmp
http://t.co/3DqVPa3KvF  http://t.co/MBxJXueyTP",29441,5028557,50,48,"http://t.co/XjVAWwcrmp","Donald J. Trump",2009-03-18 13:46:38,FALSE,TRUE,"realDonaldTrump","New York, NY","en","25073877",26377,FALSE,"http://pbs.twimg.com/profile_images/1980294624/DJT_Headshot_V2_normal.jpg","#Makeamericagreatagain"
"realtyeidj","Jedi, Realtor @Rise_Realty, Real Estate Lawyer http://t.co/EG4EYzY6EP , MMA Fan, Beer  Explorer",961,94,857,212,"http://t.co/QUNb7VsBLP","Andrew ",2015-08-29 02:35:15,FALSE,FALSE,"realtyeidj","New York, NY","en","3475810397",9,FALSE,"http://pbs.twimg.com/profile_images/639227069977628672/7X1Vy-Ov_normal.jpg","#Makeamericagreatagain"
"RedondoBeaPDhc","RBPD Mission: To forge a partnership with the community to  control and prevent crime and improve  of life in neighborhoods.",1166,59,945,533,"http://t.co/0a4EL6itsQ","RedondoBeachPD",2015-04-12 20:54:58,FALSE,FALSE,"RedondoBeaPDhc","Saint Louis, Missouri","en","3161159295",13,FALSE,"http://pbs.twimg.com/profile_images/593357277194649600/UtUP6-s6_normal.jpg","#Makeamericagreatagain"
"Revelation4all","Freedom is everything",153,14,33,57,"http://t.co/dqsTa0uEMw","Allen Lao",2009-04-02 05:31:37,FALSE,FALSE,"Revelation4all","","en","28289002",0,FALSE,"http://pbs.twimg.com/profile_images/635532772807847936/WeQJTLJJ_normal.jpg","#Makeamericagreatagain"
"reywaedekxn","Lakefield Companies - eCommerce sales and resales. Amazon FBA and eBay. Providing the highest quality stock, , and private  label products worldwide.",758,65,665,205,NA,"Rey ",2015-07-03 20:09:24,FALSE,FALSE,"reywaedekxn","california","en","3267338328",7,FALSE,"http://pbs.twimg.com/profile_images/632703775216500736/zfZW-Oh4_normal.jpg","#Makeamericagreatagain"
"RickyGravesPCS_","Independent Professional Wrestler From: Lubbock,TX/ Current Texas  Champion/Horror  Fanatic & Paranormal Believer./Apocalypse Survivor/Ya dig?",805,52,689,280,"http://t.co/mxdlkuCv2K","Ricky ",2015-08-30 07:01:34,FALSE,FALSE,"RickyGravesPCS_","Mississippi","en","3390061394",4,FALSE,"http://pbs.twimg.com/profile_images/639485400831127552/0QD6o1S1_normal.jpg","#Makeamericagreatagain"
"ristwtahc","RIST - Born out  Resistance - Watches  Apparel Footwear - Los Angeles",798,53,668,442,"http://t.co/dyO4RooJUS","rist",2015-07-26 07:11:08,FALSE,FALSE,"ristwtahc","Washington, D.C","en","3294633595",8,FALSE,"http://pbs.twimg.com/profile_images/635536596511518720/v2QNqJ6N_normal.jpg","#Makeamericagreatagain"
"RkckReding","New Business ;  Global Partnership Development",1672,112,1405,470,NA,"RickReding",2014-03-29 01:05:10,FALSE,FALSE,"RkckReding","West Virginia","en","2416699549",30,FALSE,"http://pbs.twimg.com/profile_images/609143422406909952/ZwDh1lw1_normal.jpg","#Makeamericagreatagain"
"robingabsdy","Founder  & CEO of  integrated creative + innovation agency @Forever_beta + http://t.co/jpwtJp8RsK  Collaborating. Innovating. Learning. Creating.",1529,94,1267,678,"http://t.co/FA6rxr7OCG","Robin Gadsby",2013-12-17 15:25:40,FALSE,FALSE,"robingabsdy","California","en","2250567234",23,FALSE,"http://pbs.twimg.com/profile_images/587024067577847809/3ITY9f4g_normal.jpg","#Makeamericagreatagain"
"rropelle_co","Online marketplace for fashion clothing,  jewellery, shoes,  wear, toys, home decor.",902,27,792,269,"http://t.co/Ea2lD2yu7W","Propelle",2015-05-29 08:10:33,FALSE,FALSE,"rropelle_co","Beverly Hills/ New York","en","3302517689",7,FALSE,"http://pbs.twimg.com/profile_images/632800325582192641/y7DbDjYx_normal.jpg","#Makeamericagreatagain"
"rtaceyschwarzt","Social  selling entrepreneur/Founding Platinum  @StellaDot. High-functioning Introvert. Part-time houseboat dweller.  Organic fanatic. #grayanarchy",969,85,852,209,"http://t.co/ID0ZFDh1sv","Tracey ",2015-07-24 05:38:20,FALSE,FALSE,"rtaceyschwarzt","Indiana","en","3289470589",13,FALSE,"http://pbs.twimg.com/profile_images/630295508259487745/V3yePzOe_normal.jpg","#Makeamericagreatagain"
"Rwinersky","New . PR / communications pro. Love family, traveling, exploring, food,  real estate, new things. Sometimes tweet about clients.",976,51,843,210,NA,"Rachel ",2015-08-31 07:18:41,FALSE,FALSE,"Rwinersky","Illinois","en","3499354335",10,FALSE,"http://pbs.twimg.com/profile_images/639196338953916416/pWYSQhZ1_normal.jpg","#Makeamericagreatagain"
"sAkCoachJerry","Go Visit Me at http://t.co/yj9hwvJxez , I provide newsletters and email alerts for the stock . I can help you become a better  trader and investor.",1251,205,1070,678,"http://t.co/uKbOCE03z2","Jerry Warner",2014-06-05 21:52:34,FALSE,FALSE,"sAkCoachJerry","Vermont","en","2548777490",16,FALSE,"http://pbs.twimg.com/profile_images/603823158387331072/C9tzOYy5_normal.jpg","#Makeamericagreatagain"
"salgarre","Product Manager at Google working on TV and Movies (Video) within Search;  former startup  engineer, perpetual , quiet rebel and mediocre humorist",1212,81,1071,655,"http://t.co/zXWgQ5IUXX","Satyajeet Salgar",2014-02-23 07:03:46,FALSE,FALSE,"salgarre","Idaho","en","2357600791",19,FALSE,"http://pbs.twimg.com/profile_images/580402185726365696/fLbGA3N5_normal.jpg","#Makeamericagreatagain"
"sand3633","Christian, Conservative, Tea Party Patriot, Republican &  Love the U.S.A.",14827,1604,275,2000,NA,"Sand3633",2009-07-20 00:01:59,FALSE,FALSE,"sand3633","N. CA, USA","en","58331049",77,FALSE,"http://pbs.twimg.com/profile_images/776237921/7-07Aggie3_N0531_normal.JPG","#Makeamericagreatagain"
"sandyaschneider","Proud Mother of 2 Marines & 1 Princess, Republitarian, Cert. Diver, Love Fishing, Gun Owner, #FUWSPs #TeamTrump",31485,11362,1040,11960,NA,"Sandra Schneider",2012-10-12 13:22:10,FALSE,FALSE,"sandyaschneider","Florida","en","875627605",200,FALSE,"http://pbs.twimg.com/profile_images/587606965993525248/BxnnbXg0_normal.jpg","#Makeamericagreatagain"
"SaulBurdenxyi","We are a team of investors who scan the  markets daily in search of undervalued  with big potential for big profits, Join us today!",844,41,722,225,NA,"Saul ",2015-05-29 14:32:13,FALSE,FALSE,"SaulBurdenxyi","Virginia United States","en","3302850863",10,FALSE,"http://pbs.twimg.com/profile_images/633145738533339140/RxUGGl9p_normal.jpg","#Makeamericagreatagain"
"savidli","Internet and   Entrepreneur and Investor",781,45,696,264,NA,"David ",2015-06-17 00:50:21,FALSE,FALSE,"savidli","Hawaii","en","3330496324",7,FALSE,"http://pbs.twimg.com/profile_images/633961865744220160/Vk6g52_u_normal.jpg","#Makeamericagreatagain"
"SecondRateeorH","Web Developer, Musician,   Learner",1066,127,951,186,NA,"Josh ",2015-05-02 12:36:58,FALSE,FALSE,"SecondRateeorH","Saint Louis Missouri","en","3228275117",4,FALSE,"http://pbs.twimg.com/profile_images/631476124887814146/5QoJb_fF_normal.jpg","#Makeamericagreatagain"
"SgouTrittno","Professional   and streamer",925,54,795,284,"http://t.co/Vv2s7xATLc","ACE ",2015-06-10 21:19:53,FALSE,FALSE,"SgouTrittno","York, Pennsylvania USA","en","3241641258",7,FALSE,"http://pbs.twimg.com/profile_images/633746385834131460/nUTxI3Rl_normal.jpg","#Makeamericagreatagain"
"shawiee50","I'm a mother  four children and grandmother of four. I love to watch my grandchildren play. I like writing articles all over the web or posting on  my blog.",1020,30,904,455,"http://t.co/7fOUceCaAO","shawnee50",2014-03-24 19:20:12,FALSE,FALSE,"shawiee50","Herndon, Virginia","en","2409444938",7,FALSE,"http://pbs.twimg.com/profile_images/608763822510370816/fkYn9WjB_normal.jpg","#Makeamericagreatagain"
"spkr4thedead51v","",1193,121,1060,1172,NA,"Caroline",2014-05-21 18:17:07,FALSE,FALSE,"spkr4thedead51v","","en","2513305885",11,FALSE,"http://pbs.twimg.com/profile_images/485134021408468994/LuoPx4YC_normal.jpeg","#Makeamericagreatagain"
"SRMoam","Vintage Southern Woman ~  Main Street  Owner,   Wise Grandmother,  Social & Community Advocate",812,31,701,421,NA,"Rachel",2014-03-20 01:27:07,FALSE,FALSE,"SRMoam","Sarasota, Florida","en","2398665985",5,FALSE,"http://pbs.twimg.com/profile_images/609879766804463616/rnU-wrPc_normal.jpg","#Makeamericagreatagain"
"STRONG_OPED","CURMUDGEON
OLD GEEZER  SNARK
#PJNET #TEAPARTY #CCOT #TCOT
RATIONAL, CONSERVATIVE, REALIST.",48544,7556,57,7948,NA,"JOHN STRONG",2011-01-07 23:11:15,FALSE,FALSE,"STRONG_OPED","","en","235337115",90,FALSE,"http://pbs.twimg.com/profile_images/2114376723/thing3_normal.jpg","#Makeamericagreatagain"
"SupportDonald","show your support and like the facebook page!
http://t.co/OGMEKhmuvm…",1337,172,1166,10,"http://t.co/eJOok4TkG2","Donald Trump Support",2015-08-01 03:15:24,FALSE,FALSE,"SupportDonald","","en","3398148113",5,FALSE,"http://pbs.twimg.com/profile_images/656631379913003008/If-_zgO__normal.jpg","#Makeamericagreatagain"
"Surfingcity","USA in TYRANNY   Born & raised in LA/Orange County, California. Love our Beaches!  Irish, ROMAN CATHOLIC & Republican.   Pro-Life, Pro Israel. Support Military.",33931,4434,4175,4294,NA,"Don Allen ",2009-03-30 02:35:21,FALSE,FALSE,"Surfingcity","LA/Orange County, California","en","27565899",93,FALSE,"http://pbs.twimg.com/profile_images/447782846099238913/XB4lKzHz_normal.jpeg","#Makeamericagreatagain"
"T17R_TEdinger","#TRUMP2016 GET INFORMED & VOTE WISELY!! THE POWER OF YOUR VOTE WILL BECOME THE FUTURE OF AMERICA!",7503,327,9377,192,NA,"Tina Edinger",2015-08-03 12:46:32,FALSE,FALSE,"T17R_TEdinger","","en","3305171239",22,FALSE,"http://pbs.twimg.com/profile_images/645362152908320768/IfnxiY58_normal.jpg","#Makeamericagreatagain"
"TAGOS22","Bias in MSM reflects the rich owners Agenda- Y does 1% wants Racial unrest, open borders, massive Nat Debt & Socialism? That is the 19 trillion dollar question?",30865,6989,35,7237,"https://t.co/ZwN4laLEEO","Robert Inks",2009-04-02 00:41:15,FALSE,FALSE,"TAGOS22","baytown, texas","en","28239343",123,FALSE,"http://pbs.twimg.com/profile_images/629815532657618946/gWdGoL2n_normal.png","#Makeamericagreatagain"
"TaliaFisher2015","Model and fashion trend setter braving the sub-zero arctic snow storms of New York❄️❄️❄️❄️❄️❄️❄️ #MakeAmericaGreatAgain",6031,210,489,19,NA,"❄️Talia Fisher❄️",2015-01-26 09:29:16,FALSE,FALSE,"TaliaFisher2015","NYC","en","2996938075",19,FALSE,"http://pbs.twimg.com/profile_images/559645870220509184/coL4rGjo_normal.jpeg","#Makeamericagreatagain"
"tanya_tiller","Promoter for The Real Strategy. Libertarian. Free thinking, independent woman. I only deal with the truth.",10777,474,13,1286,NA,"Tanya Tiller",2015-09-16 17:37:03,FALSE,FALSE,"tanya_tiller","","en","3677110216",9,FALSE,"http://pbs.twimg.com/profile_images/644203587418071040/yG_-61U__normal.jpg","#Makeamericagreatagain"
"Tbstarnlig","Entrepreneur. Equal rights  activist. Dad. Blogger. Author. .",865,77,822,285,"http://t.co/KmgYYZ0jjS","tommy ",2015-08-28 15:27:11,FALSE,FALSE,"Tbstarnlig","New York","en","3371871799",9,FALSE,"http://pbs.twimg.com/profile_images/639191052386066432/0jo13E4R_normal.jpg","#Makeamericagreatagain"
"tehan_noah","WMBB News 13 Producer. Alabama Alum. News and TV junkie.  enthusiast.  Opinions are my own!",902,18,784,449,NA,"Ethan ",2014-03-23 06:38:42,FALSE,FALSE,"tehan_noah","NEW YORK and BEYOND!!!","en","2406239353",5,FALSE,"http://pbs.twimg.com/profile_images/613439256854335488/jVCa9P1f_normal.jpg","#Makeamericagreatagain"
"thechilderners","Blogger, Single Mom, Photographer: The Revelation Project, Social Media Consultant,  Marketer,",935,32,825,473,"http://t.co/rhA8u64L4S","monica ",2014-06-01 18:57:27,FALSE,FALSE,"thechilderners","Memphis, Tennessee","en","2540163666",11,FALSE,"http://pbs.twimg.com/profile_images/613080677605617665/_ZjWy91Y_normal.jpg","#Makeamericagreatagain"
"TheIdiotDonald","What Donald Trump would say if he was an idiot. All his tweets retweeted. Now you can read them without giving him the satisfaction of being followed",12785,178,0,1,NA,"Idiot Donald Trump",2011-07-21 17:57:05,FALSE,FALSE,"TheIdiotDonald","","en","339808319",10,FALSE,"http://pbs.twimg.com/profile_images/2828918884/ea23fd9b98c8edf6c48882f391e7621d_normal.jpeg","#Makeamericagreatagain"
"TheNewsClub_US","We bring you the biggest breaking stories all over the world  in real time, 24 hours a day. We have online journalists that are experienced and caffeinated.",306056,10342,560,7869,"http://t.co/aWe5BeNW1Q","The News Club",2008-06-22 04:35:01,FALSE,FALSE,"TheNewsClub_US","Check us out!!","en","15195038",782,FALSE,"http://pbs.twimg.com/profile_images/637347526631272448/o88DFd_A_normal.png","#Makeamericagreatagain"
"TheWhiteRebel12","|Don't be a chump vote for Trump|                           Don't Tread on Me WhitePower:1488",324,48,323,118,NA,"TheWhiteRebel",2015-11-20 21:42:19,FALSE,FALSE,"TheWhiteRebel12","","en","4237464737",1,FALSE,"http://pbs.twimg.com/profile_images/667821652655370240/ISuGeWTq_normal.jpg","#Makeamericagreatagain"
"ThLastDisciepsl","Providing exciting entertainment Christians can enjoy while pointing  pre-Christians to our Lord and Savior, Jesus .
 http://t.co/nSJ5TCN33s",880,21,778,188,"http://t.co/mbcT6cgYzj","The Last ",2015-08-21 20:01:30,FALSE,FALSE,"ThLastDisciepsl","Reading, Pennsylvania","en","3322745329",7,FALSE,"http://pbs.twimg.com/profile_images/636937431770513409/re0aKWU2_normal.jpg","#Makeamericagreatagain"
"thomasjulian7","Trying to keep a clear head during this political assault we are currently experiencing.",27502,8705,1746,8727,NA,"thomas julian",2012-11-19 00:49:51,FALSE,FALSE,"thomasjulian7","West Texas","en","956500429",72,FALSE,"http://pbs.twimg.com/profile_images/3193766393/0cc2b3eec8f8180c092ec8e11a71d2fb_normal.jpeg","#Makeamericagreatagain"
"tohesign","Hubby/Dad/Dog-Owner/ Student/Recovering Insurance & Financial Services Pro/MBA/Book Worm/Fireman/Politico/Social  Media Geek/Attention Def... Squirrel!",1075,243,896,212,"http://t.co/6TNzWiURqP","Tony ",2015-08-06 16:12:03,FALSE,FALSE,"tohesign","New York, NY","en","3405773595",11,FALSE,"http://pbs.twimg.com/profile_images/630436851493371904/DM2W-BK5_normal.jpg","#Makeamericagreatagain"
"TomGrreba","Internet marketer  and developer of the Ultimate Fish  Guide for Milwaukee & SE Wisconsin.",856,47,765,208,"http://t.co/QqHLojvBYr","Tom ",2015-05-02 17:30:56,FALSE,FALSE,"TomGrreba","New YorkÃ¢Å“Ë†","en","3228705556",10,FALSE,"http://pbs.twimg.com/profile_images/631745380468690944/7cu0ICc0_normal.jpg","#Makeamericagreatagain"
"toriandedmno","Freelance  illustrator/graphic artist/ who loves comics, science fiction/fantasy and horror-related artwork.",1146,252,1020,288,"http://t.co/7PmNdk1XXL","TORIAN J. DEDMON,.",2015-06-20 21:51:50,FALSE,FALSE,"toriandedmno","Columbus, Ohio, USA","en","3337811644",17,FALSE,"http://pbs.twimg.com/profile_images/635032053357092864/pQwoMafr_normal.jpg","#Makeamericagreatagain"
"tponews","Politics junkie, law school graduate, and political commentator. One of many former Democrats who love and support Trump and despise the corrupt media.",8494,1087,6957,491,"https://t.co/VaHIF4dJcb","MT Gilbert",2015-06-26 23:54:50,FALSE,FALSE,"tponews","","en","3257146604",33,FALSE,"http://pbs.twimg.com/profile_images/670895625685233664/LjgK9eg8_normal.jpg","#Makeamericagreatagain"
"trickxie","i believe in God, doing whats, right small gov , guns, and harleys",32342,2774,713,3001,NA,"carol elrite",2009-03-05 19:29:27,FALSE,FALSE,"trickxie","","en","22964326",44,FALSE,"http://pbs.twimg.com/profile_images/520186800296300544/rjUbNWl4_normal.png","#Makeamericagreatagain"
"TrueImagiZgAn","True Imaging, LC is a dedicated outpatient facility  offering an  line of imaging services.",1241,43,1154,660,"http://t.co/RYknc2Bsz7","True Imaging",2015-04-12 01:21:05,FALSE,FALSE,"TrueImagiZgAn","Utah","en","3150640706",17,FALSE,"http://pbs.twimg.com/profile_images/589157926813708289/2tdZxZZE_normal.jpg","#Makeamericagreatagain"
"trumpbus","",3549,131,0,42,NA,"trump bus",2015-08-25 11:30:47,FALSE,FALSE,"trumpbus","","en","3438999759",7,FALSE,"http://pbs.twimg.com/profile_images/636139520249958400/lytSfHp4_normal.jpg","#Makeamericagreatagain"
"Trumpdate","We're a limited-time, comedic weekly podcast. Get your latest bits on Donald Trump, via the @madbracketstat crew.",1371,87,95,188,"http://t.co/wfay2rrSo2","The Trumpdate",2015-08-02 22:55:42,FALSE,FALSE,"Trumpdate","Greater NY Area","en","3400614141",6,FALSE,"http://pbs.twimg.com/profile_images/628779493885251584/FlZql-Y9_normal.jpg","#Makeamericagreatagain"
"TrumpedAmerica","",2930,282,0,254,NA,"TrumpedUp",2015-10-31 17:17:23,FALSE,FALSE,"TrumpedAmerica","","en","4081892233",14,FALSE,"http://pbs.twimg.com/profile_images/660506520929464321/1W00JQaA_normal.jpg","#Makeamericagreatagain"
"twitch_Chin","Ayy lmao",189,40,376,33,NA,"The_crimson_chin",2014-05-24 06:42:25,FALSE,FALSE,"twitch_Chin","Australia","en","2519686794",0,FALSE,"http://pbs.twimg.com/profile_images/600582344571953152/dMdiXLr8_normal.jpg","#Makeamericagreatagain"
"ufdanren","Church planter, , sinner, husband, dad, gator, recovering pharisee,  Simul Justus et Peccator",847,50,742,431,"http://t.co/hF23DTykFn","Jim ",2015-06-28 01:26:09,FALSE,FALSE,"ufdanren","Palm Coast, Florida","en","3348264785",5,FALSE,"http://pbs.twimg.com/profile_images/635816352498847744/WlPzObNp_normal.jpg","#Makeamericagreatagain"
"Val_Wtehi","Event . PR  Manager @ Dance Music NW.",822,69,685,202,"http://t.co/KPYXuUR3xR","Val_White",2015-08-31 07:02:42,FALSE,FALSE,"Val_Wtehi","Portland, Oregon","en","3499234635",8,FALSE,"http://pbs.twimg.com/profile_images/639413593381933056/LbOfhp86_normal.jpg","#Makeamericagreatagain"
"valmar_mags","A forever young gemini, dedicated to social philanthropy. Obsessed with the hustle and strive to influence. Calmed by earth's water, excited by life. #TRUMP2016",3719,430,6881,525,NA,"Natalie",2015-08-19 23:15:23,FALSE,FALSE,"valmar_mags","Present","en","3432148535",22,FALSE,"http://pbs.twimg.com/profile_images/667898858765213696/SnXfrx74_normal.jpg","#Makeamericagreatagain"
"Vintage_Veteran","In brightest day in darkest night, no evil shall escape my sight. Let those who worship evil's might beware of my power.... DML's light",169995,1321,1436,732,"http://t.co/vQMpVPEXvl","Banter!!!",2009-12-08 20:00:04,FALSE,FALSE,"Vintage_Veteran","Arsenal.com","en","95490570",48,FALSE,"http://pbs.twimg.com/profile_images/632442241726832640/HkdNx2SF_normal.jpg","#Makeamericagreatagain"
"vitarevwsei","one-stop place for all of your #PSVita  and PlayStation TV review needs. We have 212 App, Game, and Hardware reviews as well as a growing forum community.",1066,44,896,631,"http://t.co/VceIe0GHmM","PS Vita Reviews",2015-04-12 08:48:48,FALSE,FALSE,"vitarevwsei","California","en","3158879829",4,FALSE,"http://pbs.twimg.com/profile_images/589346858293547009/k9MSH17X_normal.jpg","#Makeamericagreatagain"
"vrai777","News ✇ Stand Web ⇋ Curate! Following → Curiosity! #Retweets ♻️ ℀ @verified ℅ @twitter ® Tweets ⚡ #Endorsement ❌ by Startup ☯ Guy ♀ omniHandle: vrai777 ⏳",6388,1677,87,547,"https://t.co/1ee2oZzrT5","ϑ ℛɑɪ",2009-03-07 02:13:26,FALSE,FALSE,"vrai777","Bay Area, CA","en","23152434",383,FALSE,"http://pbs.twimg.com/profile_images/670393860174909440/0JsHkaa3_normal.jpg","#Makeamericagreatagain"
"wackywednesdya","two Wacky Gals making a living online, and known  for wacky low prices on great IM how to products. :)",975,67,833,277,"http://t.co/h5B6sLzs3d","wackywednesday",2015-08-26 20:05:14,FALSE,FALSE,"wackywednesdya","New York, NY","en","3450246981",8,FALSE,"http://pbs.twimg.com/profile_images/637965684404674560/fZAbHJdf_normal.jpg","#Makeamericagreatagain"
"WolofVision","",3893,215,0,442,NA,"Wolof.Vision",2014-09-15 00:41:58,FALSE,FALSE,"WolofVision","","en","2810371544",8,FALSE,"http://pbs.twimg.com/profile_images/511319480987709440/4vvQVzU0_normal.png","#Makeamericagreatagain"
"WylieISDETC","Kay , Director of Academic & Career  Connections",1713,125,1343,667,NA,"NBC DFW",2013-12-14 11:06:52,FALSE,FALSE,"WylieISDETC","Idaho","en","2245431055",19,FALSE,"http://pbs.twimg.com/profile_images/586920142606573570/1xE2kSOg_normal.jpg","#Makeamericagreatagain"
"xaiemonee","The best online  Reputation  Management Team in the Universe!",923,61,800,268,"http://t.co/mFcIMVbYag","facemaskonline2",2015-06-11 00:32:48,FALSE,FALSE,"xaiemonee","Chandler Arizona","en","3318176957",9,FALSE,"http://pbs.twimg.com/profile_images/633187768454111233/J30_Qek5_normal.jpg","#Makeamericagreatagain"
"xxBarBiejxx","Model ||   || Dreamer || Animal Lover",989,43,882,233,NA,"BarBie ",2015-06-27 10:35:05,FALSE,FALSE,"xxBarBiejxx","Florida USA","en","3257648108",14,FALSE,"http://pbs.twimg.com/profile_images/634911717881835521/gOgxIpMr_normal.jpg","#Makeamericagreatagain"
"ymtbrealyt","Florida Real Estate Professional, Entrepreneur/Investor, Father, Husband, Loving Life, Univ. of Tampa Alumni, U.S. Army  (173rd Airborne)  (727) 564- 4570",798,72,691,412,"http://t.co/DVcjqqWF91","Jereme B. ",2015-06-22 03:48:29,FALSE,FALSE,"ymtbrealyt","New Orleans, Louisiana","en","3340475993",4,FALSE,"http://pbs.twimg.com/profile_images/630220183928311808/WkJWs8Jn_normal.jpg","#Makeamericagreatagain"
